method,seed,step,train_loss,test_rmse,grad_norm
sgd,0,1,1.2693010568618774,1.121812343597412,0.00024409159959759563
sgd,0,30,1.269283652305603,1.121812343597412,0.00024917334667406976
sgd,0,60,1.2692630290985107,1.1218117475509644,0.00027768060681410134
sgd,0,90,1.269234538078308,1.1218090057373047,0.00034172754385508597
sgd,0,120,1.2691864967346191,1.1218000650405884,0.0004648301692213863
sgd,0,150,1.2690883874893188,1.121774435043335,0.0006873898091726005
sgd,0,180,1.2688593864440918,1.1217014789581299,0.0010765345068648458
sgd,0,210,1.2682745456695557,1.1214953660964966,0.0017434356268495321
sgd,0,240,1.266710638999939,1.1209152936935425,0.0028678043745458126
sgd,0,270,1.2624722719192505,1.1193021535873413,0.004712618887424469
sgd,0,300,1.2513107061386108,1.1149981021881104,0.0075355651788413525
sgd,0,330,1.224951148033142,1.1047788858413696,0.01109565980732441
sgd,0,360,1.176781177520752,1.0862125158309937,0.013727874495089054
sgd,0,390,1.1174556016921997,1.0641884803771973,0.013827386312186718
sgd,0,420,1.061705231666565,1.045161485671997,0.013260507956147194
sgd,0,450,1.0086179971694946,1.0281343460083008,0.013022868894040585
sgd,0,480,0.9594810009002686,1.0124379396438599,0.012096547521650791
sgd,0,510,0.9194308519363403,0.9995211958885193,0.010612591169774532
sgd,0,540,0.8887515664100647,0.9895819425582886,0.009279902093112469
sgd,0,570,0.8647066950798035,0.9817363023757935,0.008290320634841919
sgd,0,600,0.8450481295585632,0.9753302335739136,0.0075503503903746605
sgd,0,630,0.828434944152832,0.9700586795806885,0.006975208409130573
sgd,0,660,0.8140210509300232,0.9657365083694458,0.006526633631438017
sgd,0,690,0.801204264163971,0.962208092212677,0.0061812628991901875
sgd,0,720,0.7895621657371521,0.9593450427055359,0.005908892024308443
sgd,0,750,0.7788363099098206,0.9570531249046326,0.005677280481904745
sgd,0,780,0.7688871622085571,0.9552654027938843,0.005466175731271505
sgd,0,810,0.7596293687820435,0.9539257287979126,0.005269924644380808
sgd,0,840,0.750990629196167,0.9529790282249451,0.005088481120765209
sgd,0,870,0.7429069876670837,0.9523696899414062,0.004919080063700676
sgd,0,900,0.7353327870368958,0.9520450830459595,0.004755325615406036
sgd,0,930,0.7282439470291138,0.9519563317298889,0.004590898286551237
sgd,0,960,0.7216311097145081,0.9520567059516907,0.004422812256962061
sgd,0,990,0.7154868245124817,0.9522995948791504,0.004252035170793533
sgd,0,1020,0.7097970843315125,0.9526398181915283,0.004082029685378075
sgd,0,1050,0.7045380473136902,0.9530362486839294,0.0039167245849967
sgd,0,1080,0.6996782422065735,0.9534550309181213,0.003759094513952732
sgd,0,1110,0.6951826810836792,0.9538711905479431,0.003610694082453847
sgd,0,1140,0.691016435623169,0.9542683362960815,0.0034718795213848352
sgd,0,1170,0.6871470212936401,0.9546379446983337,0.00334226805716753
sgd,0,1200,0.6835450530052185,0.9549764394760132,0.0032211411744356155
sgd,0,1230,0.6801848411560059,0.9552839994430542,0.0031076990999281406
sgd,0,1260,0.6770437359809875,0.9555628895759583,0.0030011837370693684
sgd,0,1290,0.6741018891334534,0.9558162689208984,0.0029009224381297827
sgd,0,1320,0.6713418960571289,0.9560474753379822,0.0028063328936696053
sgd,0,1350,0.6687482595443726,0.9562596678733826,0.002716912655159831
sgd,0,1380,0.6663073301315308,0.9564560651779175,0.002632228657603264
sgd,0,1410,0.6640068292617798,0.956639289855957,0.00255190278403461
sgd,0,1440,0.6618358492851257,0.9568114280700684,0.0024756041821092367
sgd,0,1470,0.6597844362258911,0.9569745659828186,0.002403039950877428
sgd,0,1500,0.6578437089920044,0.9571301937103271,0.002333948388695717
adam,0,1,1.2692110538482666,1.121814489364624,0.0003419964050408453
adam,0,30,1.2027817964553833,1.1012617349624634,0.013971592299640179
adam,0,60,0.9884729981422424,1.0305966138839722,0.021023428067564964
adam,0,90,0.8222261667251587,0.9840556979179382,0.017174052074551582
adam,0,120,0.7403382658958435,0.9692991375923157,0.010944966226816177
adam,0,150,0.6982583403587341,0.9678812623023987,0.007100436370819807
adam,0,180,0.67173171043396,0.9684569835662842,0.005180682986974716
adam,0,210,0.6537585854530334,0.9687713980674744,0.004030030220746994
adam,0,240,0.6415789127349854,0.969064474105835,0.0032829914707690477
adam,0,270,0.633206844329834,0.969749391078949,0.0027755468618124723
adam,0,300,0.6272335052490234,0.9706944823265076,0.0024089289363473654
adam,0,330,0.6227706670761108,0.9716075658798218,0.0021351585164666176
adam,0,360,0.6192654967308044,0.9722878932952881,0.0019240392139181495
adam,0,390,0.6163792014122009,0.9726639986038208,0.001752010197378695
adam,0,420,0.6139175891876221,0.9727489948272705,0.0016019601607695222
adam,0,450,0.6117756962776184,0.9725977182388306,0.0014644961338490248
adam,0,480,0.6098930239677429,0.9722844362258911,0.0013364717597141862
adam,0,510,0.6082262396812439,0.9718905687332153,0.001217790530063212
adam,0,540,0.6067424416542053,0.9714810252189636,0.001108907745219767
adam,0,570,0.6054189205169678,0.9710893630981445,0.001010014326311648
adam,0,600,0.6042374968528748,0.970725417137146,0.0009213860612362623
adam,0,630,0.6031781435012817,0.9703902006149292,0.000843226327560842
adam,0,660,0.6022259593009949,0.9700727462768555,0.0007741745212115347
adam,0,690,0.60138338804245,0.9697379469871521,0.0007109915604814887
adam,0,720,0.6006609797477722,0.9693502187728882,0.0006519544404000044
adam,0,750,0.6000551581382751,0.9689056277275085,0.0005987151525914669
adam,0,780,0.5995485186576843,0.9684171080589294,0.0005526386667042971
adam,0,810,0.5991230607032776,0.9678997993469238,0.0005129749188199639
adam,0,840,0.5987646579742432,0.9673696756362915,0.000478490226669237
adam,0,870,0.5984605550765991,0.9668412804603577,0.0004485469253268093
adam,0,900,0.5981982946395874,0.9663236737251282,0.0004227002791594714
adam,0,930,0.5979669094085693,0.9658203721046448,0.000400358549086377
adam,0,960,0.597758412361145,0.9653341174125671,0.00038099088123999536
adam,0,990,0.5975672006607056,0.9648705720901489,0.0003641588264144957
adam,0,1020,0.5973902344703674,0.9644379019737244,0.00034941075136885047
adam,0,1050,0.5972257852554321,0.9640419483184814,0.0003362419083714485
adam,0,1080,0.5970736742019653,0.9636815786361694,0.0003241191734559834
adam,0,1110,0.5969350337982178,0.963352382183075,0.0003126390802208334
adam,0,1140,0.5968109965324402,0.963050901889801,0.0003015764814335853
adam,0,1170,0.5967013835906982,0.9627755880355835,0.00029077663202770054
adam,0,1200,0.5966049432754517,0.9625250697135925,0.0002801326336339116
adam,0,1230,0.5965195298194885,0.9622986912727356,0.0002696183801162988
adam,0,1260,0.5964431762695312,0.9620962738990784,0.00025928349350579083
adam,0,1290,0.5963739156723022,0.9619174003601074,0.0002492055937182158
adam,0,1320,0.596310555934906,0.9617606997489929,0.00023944934946484864
adam,0,1350,0.5962518453598022,0.961624801158905,0.0002300546912010759
adam,0,1380,0.5961967706680298,0.9615075588226318,0.00022102802176959813
adam,0,1410,0.5961443185806274,0.961406409740448,0.00021233251027297229
adam,0,1440,0.596094012260437,0.9613184928894043,0.00020387704716995358
adam,0,1470,0.5960456132888794,0.9612411260604858,0.00019554750178940594
adam,0,1500,0.5959991812705994,0.9611729979515076,0.00018727983115240932
rpgd,0,1,1.2693010568618774,1.121812343597412,0.00024409159959759563
rpgd,0,30,1.269283652305603,1.121812343597412,0.00024917334667406976
rpgd,0,60,1.2692630290985107,1.1218117475509644,0.00027768060681410134
rpgd,0,90,1.2692269086837769,1.1218065023422241,0.0003894854162354022
rpgd,0,120,1.26915442943573,1.12179434299469,0.0005661174072884023
rpgd,0,150,1.2689909934997559,1.1217496395111084,0.0008773882873356342
rpgd,0,180,1.2685785293579102,1.1216099262237549,0.0014197698328644037
rpgd,0,210,1.267504096031189,1.1212517023086548,0.002329947892576456
rpgd,0,240,1.2647197246551514,1.1202312707901,0.003802455263212323
rpgd,0,270,1.2572468519210815,1.1174299716949463,0.006181017030030489
rpgd,0,300,1.2385998964309692,1.1103001832962036,0.009524393826723099
rpgd,0,330,1.1997357606887817,1.0952967405319214,0.012874376960098743
rpgd,0,360,1.1425482034683228,1.0736315250396729,0.014091424643993378
rpgd,0,390,1.0840169191360474,1.052735447883606,0.013492855243384838
rpgd,0,420,1.0296887159347534,1.0347857475280762,0.013211827725172043
rpgd,0,450,0.9775835871696472,1.0179178714752197,0.012676171958446503
rpgd,0,480,0.9326140284538269,1.0033801794052124,0.011337337084114552
rpgd,0,510,0.8977083563804626,0.992045521736145,0.009884580969810486
rpgd,0,540,0.8705520033836365,0.9831993579864502,0.008802002295851707
rpgd,0,570,0.848391592502594,0.9758251905441284,0.008051630109548569
rpgd,0,600,0.8293269276618958,0.9695409536361694,0.007527399808168411
rpgd,0,630,0.8123744130134583,0.9640846252441406,0.007146824151277542
rpgd,0,660,0.796902596950531,0.9595153331756592,0.006852685008198023
rpgd,0,690,0.7825490832328796,0.9556253552436829,0.0066074831411242485
rpgd,0,720,0.7691851854324341,0.9523882269859314,0.006357206497341394
rpgd,0,750,0.7568615674972534,0.949794590473175,0.006070518866181374
rpgd,0,780,0.7456768751144409,0.9478113055229187,0.005747749004513025
rpgd,0,810,0.7356691360473633,0.9463589787483215,0.0054100267589092255
rpgd,0,840,0.7267851233482361,0.945326566696167,0.005080518778413534
rpgd,0,870,0.7189109921455383,0.9446028470993042,0.004773647524416447
rpgd,0,900,0.7119128704071045,0.9440973997116089,0.004494571126997471
rpgd,0,930,0.7056639790534973,0.9437475800514221,0.0042428732849657536
rpgd,0,960,0.7000547051429749,0.9435129761695862,0.004015852231532335
rpgd,0,990,0.6949937343597412,0.9433687329292297,0.0038103279657661915
rpgd,0,1020,0.6904057860374451,0.9432991147041321,0.0036233807913959026
rpgd,0,1050,0.6862289309501648,0.9432932138442993,0.003452557371929288
rpgd,0,1080,0.6824114322662354,0.9433425068855286,0.00329584744758904
rpgd,0,1110,0.6789097785949707,0.9434399008750916,0.0031516000162810087
rpgd,0,1140,0.675687313079834,0.9435788989067078,0.0030184341594576836
rpgd,0,1170,0.6727125644683838,0.9437536597251892,0.0028951733838766813
rpgd,0,1200,0.6699586510658264,0.9439585208892822,0.002780796494334936
rpgd,0,1230,0.6674023270606995,0.9441887140274048,0.002674408722668886
rpgd,0,1260,0.6650233864784241,0.944439709186554,0.002575222635641694
rpgd,0,1290,0.662804365158081,0.9447075724601746,0.0024825416039675474
rpgd,0,1320,0.6607299447059631,0.9449889659881592,0.0023957507219165564
rpgd,0,1350,0.6587868332862854,0.9452809691429138,0.0023143072612583637
rpgd,0,1380,0.6569631099700928,0.9455809593200684,0.00223773205652833
rpgd,0,1410,0.6552483439445496,0.9458867907524109,0.0021656027529388666
rpgd,0,1440,0.6536333560943604,0.9461967349052429,0.002097546122968197
rpgd,0,1470,0.6521099209785461,0.9465091824531555,0.002033232944086194
rpgd,0,1500,0.65067058801651,0.9468229413032532,0.001972371945157647
spgd,0,1,1.2693010568618774,1.121812343597412,0.00024409159959759563
spgd,0,30,1.269283652305603,1.121812343597412,0.00024917334667406976
spgd,0,60,1.2692371606826782,1.1218109130859375,0.00039191305404528975
spgd,0,90,1.2691534757614136,1.1217981576919556,0.0005705333896912634
spgd,0,120,1.268977403640747,1.1217602491378784,0.0008546807803213596
spgd,0,150,1.2685970067977905,1.1216636896133423,0.0013243942521512508
spgd,0,180,1.2676140069961548,1.1213380098342896,0.002165690530091524
spgd,0,210,1.2649954557418823,1.1204475164413452,0.0035802251659333706
spgd,0,240,1.258259892463684,1.1179441213607788,0.005813192576169968
spgd,0,270,1.2414239645004272,1.1115527153015137,0.009030725806951523
spgd,0,300,1.2053554058074951,1.0977063179016113,0.012504447251558304
spgd,0,330,1.1486034393310547,1.0761348009109497,0.014236888848245144
spgd,0,360,1.0868806838989258,1.0539199113845825,0.013993682339787483
spgd,0,390,1.0280683040618896,1.034547209739685,0.013636521063745022
spgd,0,420,0.9732230305671692,1.0172417163848877,0.012849456630647182
spgd,0,450,0.9271197319030762,1.0029655694961548,0.011413398198783398
spgd,0,480,0.891099214553833,0.9919964671134949,0.010065487585961819
spgd,0,510,0.8622969388961792,0.983204185962677,0.009147877804934978
spgd,0,540,0.8377191424369812,0.9755497574806213,0.008527015335857868
spgd,0,570,0.8162482976913452,0.9692112803459167,0.008017241023480892
spgd,0,600,0.7971038818359375,0.9638996124267578,0.007533859461545944
spgd,0,630,0.7801697850227356,0.959489107131958,0.007047863677144051
spgd,0,660,0.7653902173042297,0.9559119343757629,0.006555840838700533
spgd,0,690,0.7525837421417236,0.9530968070030212,0.006102836225181818
spgd,0,720,0.7414333820343018,0.9509187340736389,0.005694728810340166
spgd,0,750,0.7316385507583618,0.9492577910423279,0.005335276946425438
spgd,0,780,0.7229747176170349,0.9480077028274536,0.005013674963265657
spgd,0,810,0.7152698040008545,0.94708651304245,0.004722540732473135
spgd,0,840,0.7083873152732849,0.9464282989501953,0.004457380156964064
spgd,0,870,0.7022143602371216,0.9459789991378784,0.004215459804981947
spgd,0,900,0.6966553330421448,0.945694088935852,0.003994784317910671
spgd,0,930,0.6916282773017883,0.9455373883247375,0.0037935487926006317
spgd,0,960,0.6870635747909546,0.9454802870750427,0.003609967418015003
spgd,0,990,0.6829014420509338,0.9455004930496216,0.0034422806929796934
spgd,0,1020,0.6790913939476013,0.945580780506134,0.003288811072707176
spgd,0,1050,0.6755905151367188,0.9457082152366638,0.0031480088364332914
spgd,0,1080,0.672362208366394,0.9458729028701782,0.0030184739734977484
spgd,0,1110,0.6693753600120544,0.9460670948028564,0.0028989610727876425
spgd,0,1140,0.6666034460067749,0.9462851881980896,0.0027883730363100767
spgd,0,1170,0.6640236377716064,0.9465224742889404,0.0026857485063374043
spgd,0,1200,0.6616160869598389,0.9467757344245911,0.0025902476627379656
spgd,0,1230,0.6593639254570007,0.947041928768158,0.0025011389516294003
spgd,0,1260,0.657252311706543,0.9473189115524292,0.0024177844170480967
spgd,0,1290,0.6552683711051941,0.9476047158241272,0.0023396278265863657
spgd,0,1320,0.6534005403518677,0.9478978514671326,0.0022661834955215454
spgd,0,1350,0.651638925075531,0.9481970071792603,0.002197025343775749
spgd,0,1380,0.6499747633934021,0.9485011100769043,0.002131779445335269
spgd,0,1410,0.6484000086784363,0.9488090872764587,0.002070116112008691
spgd,0,1440,0.64690762758255,0.9491201043128967,0.002011742675676942
spgd,0,1470,0.645491361618042,0.9494333267211914,0.0019563997630029917
spgd,0,1500,0.644145667552948,0.9497478604316711,0.001903855474665761
sgd,1,1,1.2668359279632568,1.126183032989502,0.0002502802526578307
sgd,1,30,1.266817331314087,1.1261829137802124,0.00025909862597472966
sgd,1,60,1.2667946815490723,1.1261818408966064,0.00029480759985744953
sgd,1,90,1.2667618989944458,1.1261786222457886,0.00036890478804707527
sgd,1,120,1.2667053937911987,1.1261690855026245,0.0005029457388445735
sgd,1,150,1.2665921449661255,1.1261433362960815,0.0007335417321883142
sgd,1,180,1.2663378715515137,1.1260735988616943,0.0011215893318876624
sgd,1,210,1.2657220363616943,1.1258848905563354,0.0017677752766758204
sgd,1,240,1.264159917831421,1.1253718137741089,0.002835183870047331
sgd,1,270,1.2601114511489868,1.1239805221557617,0.004570059012621641
sgd,1,300,1.2497175931930542,1.120295524597168,0.007262041326612234
sgd,1,330,1.2248049974441528,1.111271858215332,0.010921449400484562
sgd,1,360,1.175225853919983,1.0931193828582764,0.014399836771190166
sgd,1,390,1.1047818660736084,1.0675450563430786,0.01555588562041521
sgd,1,420,1.0344072580337524,1.042649269104004,0.014589923433959484
sgd,1,450,0.9753453135490417,1.0217658281326294,0.01308211125433445
sgd,1,480,0.9285173416137695,1.0047038793563843,0.011546451598405838
sgd,1,510,0.8917027115821838,0.9908856749534607,0.010274405591189861
sgd,1,540,0.8619614839553833,0.9795147776603699,0.009289520792663097
sgd,1,570,0.8373042941093445,0.9701325297355652,0.00847264938056469
sgd,1,600,0.8166199922561646,0.962525486946106,0.007755798287689686
sgd,1,630,0.7991259098052979,0.9564825892448425,0.007137346547096968
sgd,1,660,0.7841172218322754,0.9517363905906677,0.006629719398915768
sgd,1,690,0.7709735035896301,0.9480098485946655,0.006228344514966011
sgd,1,720,0.7592152953147888,0.9450729489326477,0.005909893196076155
sgd,1,750,0.7485247254371643,0.942766547203064,0.005642572417855263
sgd,1,780,0.7387255430221558,0.9409931302070618,0.005397000350058079
sgd,1,810,0.7297401428222656,0.939691424369812,0.005153629928827286
sgd,1,840,0.7215390205383301,0.9388101696968079,0.004905202891677618
sgd,1,870,0.7140992283821106,0.9382931590080261,0.004654210060834885
sgd,1,900,0.7073822021484375,0.938076913356781,0.004407649859786034
sgd,1,930,0.7013307213783264,0.93809574842453,0.004172367509454489
sgd,1,960,0.69587641954422,0.9382889270782471,0.003952783532440662
sgd,1,990,0.6909489035606384,0.9386057257652283,0.0037507149390876293
sgd,1,1020,0.6864814162254333,0.939005970954895,0.0035661214496940374
sgd,1,1050,0.6824146509170532,0.9394601583480835,0.003397929947823286
sgd,1,1080,0.6786970496177673,0.9399469494819641,0.0032446167897433043
sgd,1,1110,0.6752848625183105,0.9404518008232117,0.003104547504335642
sgd,1,1140,0.6721407175064087,0.9409648180007935,0.0029761530458927155
sgd,1,1170,0.6692333221435547,0.9414798021316528,0.002858006628230214
sgd,1,1200,0.6665360927581787,0.9419927000999451,0.002748853759840131
sgd,1,1230,0.6640264391899109,0.9425010085105896,0.0026476127095520496
sgd,1,1260,0.661685049533844,0.9430032968521118,0.0025533619336783886
sgd,1,1290,0.65949547290802,0.9434987306594849,0.002465322148054838
sgd,1,1320,0.6574431657791138,0.9439868330955505,0.00238283583894372
sgd,1,1350,0.6555157899856567,0.9444674253463745,0.002305347705259919
sgd,1,1380,0.653702437877655,0.9449403285980225,0.0022323878947645426
sgd,1,1410,0.6519931554794312,0.9454054236412048,0.0021635545417666435
sgd,1,1440,0.6503796577453613,0.9458625912666321,0.0020985030569136143
sgd,1,1470,0.6488541960716248,0.9463117718696594,0.0020369342528283596
sgd,1,1500,0.6474098563194275,0.9467529654502869,0.0019785868935287
adam,1,1,1.2667417526245117,1.1261824369430542,0.00037138693733140826
adam,1,30,1.195298433303833,1.1017073392868042,0.015412812121212482
adam,1,60,0.9634993672370911,1.014204502105713,0.021369576454162598
adam,1,90,0.8083068132400513,0.9632105827331543,0.015296091325581074
adam,1,120,0.7334044575691223,0.9504317045211792,0.010239705443382263
adam,1,150,0.6905888319015503,0.9495353102684021,0.00777369225397706
adam,1,180,0.6648179292678833,0.9515862464904785,0.006151266396045685
adam,1,210,0.6489019393920898,0.9540155529975891,0.004882397595793009
adam,1,240,0.6386383771896362,0.9563847184181213,0.0038987216539680958
adam,1,270,0.6316816210746765,0.958583652973175,0.003141030902042985
adam,1,300,0.6267304420471191,0.9605767130851746,0.002555999904870987
adam,1,330,0.6230512261390686,0.9622977375984192,0.0021060267463326454
adam,1,360,0.6202001571655273,0.9637366533279419,0.0017641936428844929
adam,1,390,0.6178910732269287,0.964923620223999,0.0015085836639627814
adam,1,420,0.6159332990646362,0.9658790826797485,0.001320150913670659
adam,1,450,0.6141953468322754,0.9666075706481934,0.0011831120355054736
adam,1,480,0.6125853657722473,0.9671141505241394,0.0010837807785719633
adam,1,510,0.6110484004020691,0.9674116373062134,0.0010085488902404904
adam,1,540,0.6095728874206543,0.9675140976905823,0.000943477323744446
adam,1,570,0.6081878542900085,0.9674378633499146,0.0008779741474427283
adam,1,600,0.6069360971450806,0.9672165513038635,0.0008091895142570138
adam,1,630,0.6058452725410461,0.9669070839881897,0.0007402769988402724
adam,1,660,0.6049181222915649,0.9665672183036804,0.0006756351212970912
adam,1,690,0.6041356325149536,0.9662372469902039,0.0006179306074045599
adam,1,720,0.6034711003303528,0.9659386277198792,0.0005674514686688781
adam,1,750,0.6029011607170105,0.9656810760498047,0.000523554568644613
adam,1,780,0.6024065613746643,0.9654701948165894,0.0004856085579376668
adam,1,810,0.6019717454910278,0.9653095602989197,0.000452856213087216
adam,1,840,0.6015847325325012,0.9651995301246643,0.0004246868775226176
adam,1,870,0.6012346744537354,0.9651381373405457,0.00040096224984154105
adam,1,900,0.6009095311164856,0.9651227593421936,0.00038143902202136815
adam,1,930,0.6006020903587341,0.9651460647583008,0.0003644271055236459
adam,1,960,0.6003169417381287,0.9651864767074585,0.00034795969258993864
adam,1,990,0.6000585556030273,0.9652241468429565,0.00033240608172491193
adam,1,1020,0.5998225212097168,0.9652636647224426,0.0003179069026373327
adam,1,1050,0.5996041893959045,0.9653143882751465,0.0003034230612684041
adam,1,1080,0.5994033217430115,0.9653779864311218,0.0002882235567085445
adam,1,1110,0.5992217659950256,0.9654536843299866,0.00027257323381491005
adam,1,1140,0.5990602374076843,0.9655408263206482,0.00025731747155077755
adam,1,1170,0.5989173650741577,0.965639591217041,0.0002431419852655381
adam,1,1200,0.59879070520401,0.9657514095306396,0.0002302382345078513
adam,1,1230,0.5986782312393188,0.9658774137496948,0.00021852018835488707
adam,1,1260,0.598578155040741,0.9660167694091797,0.00020787995890714228
adam,1,1290,0.5984894633293152,0.96616530418396,0.00019825733033940196
adam,1,1320,0.598410964012146,0.9663171768188477,0.00018960652232635766
adam,1,1350,0.598341703414917,0.966467022895813,0.00018185206863563508
adam,1,1380,0.5982804298400879,0.9666107892990112,0.00017489722813479602
adam,1,1410,0.5982261300086975,0.966745913028717,0.0001686671021161601
adam,1,1440,0.5981775522232056,0.9668710231781006,0.00016313540982082486
adam,1,1470,0.5981335639953613,0.9669864773750305,0.00015829535550437868
adam,1,1500,0.5980930328369141,0.9670935869216919,0.00015409522166009992
rpgd,1,1,1.2668359279632568,1.126183032989502,0.0002502802526578307
rpgd,1,30,1.266817331314087,1.1261829137802124,0.00025909862597472966
rpgd,1,60,1.2667946815490723,1.1261818408966064,0.00029480759985744953
rpgd,1,90,1.2667618989944458,1.1261786222457886,0.00036890478804707527
rpgd,1,120,1.2667053937911987,1.1261690855026245,0.0005029457388445735
rpgd,1,150,1.266580581665039,1.1261464357376099,0.000752969877794385
rpgd,1,180,1.2663044929504395,1.1260766983032227,0.0011545877205207944
rpgd,1,210,1.2656402587890625,1.1258975267410278,0.0018248260021209717
rpgd,1,240,1.2639966011047363,1.1253821849822998,0.00289704161696136
rpgd,1,270,1.259753704071045,1.123977541923523,0.00465931324288249
rpgd,1,300,1.249003529548645,1.1202584505081177,0.007372692693024874
rpgd,1,330,1.2231464385986328,1.1110243797302246,0.01108512468636036
rpgd,1,360,1.1722341775894165,1.0926058292388916,0.014572139829397202
rpgd,1,390,1.1000159978866577,1.066595196723938,0.01567677967250347
rpgd,1,420,1.0290603637695312,1.0414009094238281,0.014556975103914738
rpgd,1,450,0.9707679152488708,1.0205368995666504,0.012903916649520397
rpgd,1,480,0.9252431392669678,1.0037528276443481,0.011383282952010632
rpgd,1,510,0.8892303705215454,0.9902721047401428,0.010171545669436455
rpgd,1,540,0.8599718809127808,0.9790478348731995,0.009231293573975563
rpgd,1,570,0.835452139377594,0.969761848449707,0.008452282287180424
rpgd,1,600,0.8148196339607239,0.9622721076011658,0.007756011560559273
rpgd,1,630,0.7972866296768188,0.9563246965408325,0.00715295085683465
rpgd,1,660,0.7821924686431885,0.9516631960868835,0.006651885341852903
rpgd,1,690,0.7689610123634338,0.9480300545692444,0.0062470147386193275
rpgd,1,720,0.757148802280426,0.9452100396156311,0.005916349124163389
rpgd,1,750,0.7464602589607239,0.9430492520332336,0.005631379783153534
rpgd,1,780,0.7367263436317444,0.94144606590271,0.0053665610030293465
rpgd,1,810,0.7278645038604736,0.9403290152549744,0.00510538462549448
rpgd,1,840,0.7198324799537659,0.9396345019340515,0.004842333495616913
rpgd,1,870,0.7125914692878723,0.9392948746681213,0.004580693785101175
rpgd,1,900,0.706087589263916,0.9392377138137817,0.004327790811657906
rpgd,1,930,0.7002500891685486,0.9393920302391052,0.004090419504791498
rpgd,1,960,0.6949999928474426,0.9396956562995911,0.003872465807944536
rpgd,1,990,0.690259575843811,0.9400991201400757,0.0036747828125953674
rpgd,1,1020,0.6859586834907532,0.9405664801597595,0.0034962010104209185
rpgd,1,1050,0.6820371150970459,0.9410731792449951,0.0033346277195960283
rpgd,1,1080,0.6784448027610779,0.9416031837463379,0.003187786089256406
rpgd,1,1110,0.6751399636268616,0.9421464800834656,0.0030535797122865915
rpgd,1,1140,0.6720883846282959,0.942696750164032,0.0029302139300853014
rpgd,1,1170,0.66926109790802,0.9432499408721924,0.002816204447299242
rpgd,1,1200,0.6666341423988342,0.9438035488128662,0.002710336120799184
rpgd,1,1230,0.6641868948936462,0.9443559646606445,0.0026116170920431614
rpgd,1,1260,0.6619018316268921,0.9449055790901184,0.002519231755286455
rpgd,1,1290,0.659763753414154,0.9454514980316162,0.0024325053673237562
rpgd,1,1320,0.6577593684196472,0.9459928870201111,0.0023508735466748476
rpgd,1,1350,0.6558771729469299,0.946528971195221,0.0022738587576895952
rpgd,1,1380,0.6541067957878113,0.9470590353012085,0.0022010523825883865
rpgd,1,1410,0.6524390578269958,0.9475825428962708,0.002132101682946086
rpgd,1,1440,0.6508659720420837,0.9480990171432495,0.002066698158159852
rpgd,1,1470,0.6493801474571228,0.9486081600189209,0.0020045707933604717
rpgd,1,1500,0.647974967956543,0.9491094946861267,0.0019454790744930506
spgd,1,1,1.2668359279632568,1.126183032989502,0.0002502802526578307
spgd,1,30,1.266817331314087,1.1261829137802124,0.00025909862597472966
spgd,1,60,1.2667946815490723,1.1261818408966064,0.00029480759985744953
spgd,1,90,1.2667618989944458,1.1261786222457886,0.00036890478804707527
spgd,1,120,1.2666923999786377,1.126163363456726,0.0005586008192040026
spgd,1,150,1.2665011882781982,1.126126766204834,0.0009095919667743146
spgd,1,180,1.266031265258789,1.1260145902633667,0.0014572064392268658
spgd,1,210,1.2648476362228394,1.1257168054580688,0.0023395176976919174
spgd,1,240,1.2619391679763794,1.1248464584350586,0.0037677669897675514
spgd,1,270,1.2545539140701294,1.1224796772003174,0.006039801985025406
spgd,1,300,1.2364587783813477,1.1163345575332642,0.009372196160256863
spgd,1,330,1.1964553594589233,1.1022582054138184,0.013326740823686123
spgd,1,360,1.128986120223999,1.0781643390655518,0.015870405361056328
spgd,1,390,1.0511648654937744,1.0502851009368896,0.015474274754524231
spgd,1,420,0.9850438237190247,1.026793122291565,0.013638922944664955
spgd,1,450,0.9346124529838562,1.0084599256515503,0.011845368891954422
spgd,1,480,0.8959901928901672,0.9939876198768616,0.010466912761330605
spgd,1,510,0.8650761246681213,0.9823240637779236,0.009441163390874863
spgd,1,540,0.8393735885620117,0.9728256464004517,0.008623866364359856
spgd,1,570,0.8178073763847351,0.9650720357894897,0.007931223139166832
spgd,1,600,0.7993573546409607,0.9588927030563354,0.0073411306366324425
spgd,1,630,0.7834894061088562,0.9538914561271667,0.006823372095823288
spgd,1,660,0.7695979475975037,0.9500452280044556,0.0063888560980558395
spgd,1,690,0.7573249936103821,0.9470356702804565,0.006013435777276754
spgd,1,720,0.7463586330413818,0.9447688460350037,0.005685321521013975
spgd,1,750,0.7364916801452637,0.9431145787239075,0.005388558842241764
spgd,1,780,0.7275823950767517,0.9419678449630737,0.005112308543175459
spgd,1,810,0.7195280194282532,0.9412367343902588,0.004850937053561211
spgd,1,840,0.7122446894645691,0.94083571434021,0.004602823872119188
spgd,1,870,0.7056566476821899,0.940686047077179,0.004368479363620281
spgd,1,900,0.699691116809845,0.9407175779342651,0.004148938227444887
spgd,1,930,0.6942795515060425,0.9408716559410095,0.00394482770934701
spgd,1,960,0.6893579959869385,0.9411026239395142,0.0037560700438916683
spgd,1,990,0.6848686933517456,0.9413768649101257,0.0035819720942527056
spgd,1,1020,0.6807608008384705,0.9416716694831848,0.0034214542247354984
spgd,1,1050,0.6769900321960449,0.9419724345207214,0.003273274749517441
spgd,1,1080,0.6735180616378784,0.9422705769538879,0.003136191051453352
spgd,1,1110,0.6703121066093445,0.9425615072250366,0.003009044798091054
spgd,1,1140,0.6673437356948853,0.9428432583808899,0.0028908015228807926
spgd,1,1170,0.664588451385498,0.9431152939796448,0.002780556445941329
spgd,1,1200,0.6620250344276428,0.943377673625946,0.0026775263249874115
spgd,1,1230,0.6596348285675049,0.943631112575531,0.0025810343213379383
spgd,1,1260,0.6574016213417053,0.9438760280609131,0.002490495564416051
spgd,1,1290,0.6553110480308533,0.9441132545471191,0.002405401086434722
spgd,1,1320,0.653350293636322,0.9443433284759521,0.0023253054823726416
spgd,1,1350,0.6515082120895386,0.9445667266845703,0.0022498161997646093
spgd,1,1380,0.6497746109962463,0.9447838068008423,0.002178584923967719
spgd,1,1410,0.6481404900550842,0.9449948072433472,0.0021112998947501183
spgd,1,1440,0.6465978622436523,0.9452001452445984,0.002047680551186204
spgd,1,1470,0.6451392769813538,0.9453999400138855,0.001987472176551819
spgd,1,1500,0.6437582969665527,0.9455944299697876,0.0019304432207718492
sgd,2,1,1.2675127983093262,1.1249988079071045,0.00024814871721901
sgd,2,30,1.267495036125183,1.1249988079071045,0.00024854630464687943
sgd,2,60,1.2674753665924072,1.124998688697815,0.0002676710719242692
sgd,2,90,1.267450213432312,1.1249974966049194,0.0003113732091151178
sgd,2,120,1.2674130201339722,1.1249934434890747,0.0003928625665139407
sgd,2,150,1.2673488855361938,1.1249816417694092,0.0005366451805457473
sgd,2,180,1.2672195434570312,1.1249490976333618,0.0007845386280678213
sgd,2,210,1.2669270038604736,1.12485933303833,0.001205864711664617
sgd,2,240,1.2662094831466675,1.1246126890182495,0.0019142011879011989
sgd,2,270,1.2643638849258423,1.1239343881607056,0.0030898861587047577
sgd,2,300,1.259540319442749,1.1220909357070923,0.004988888278603554
sgd,2,330,1.247270941734314,1.117292046546936,0.00783973466604948
sgd,2,360,1.2192800045013428,1.1062053442001343,0.011344964616000652
sgd,2,390,1.169564962387085,1.0865428447723389,0.013894992880523205
sgd,2,420,1.1082462072372437,1.0631083250045776,0.014175583608448505
sgd,2,450,1.0487867593765259,1.0419446229934692,0.013713391497731209
sgd,2,480,0.9934005737304688,1.0230883359909058,0.013070143759250641
sgd,2,510,0.9450745582580566,1.0067676305770874,0.011896549724042416
sgd,2,540,0.9059349298477173,0.9935500025749207,0.010589881800115108
sgd,2,570,0.8745998740196228,0.9828811287879944,0.009515614248812199
sgd,2,600,0.8487319946289062,0.9740270376205444,0.008711027912795544
sgd,2,630,0.8266388177871704,0.966562032699585,0.008092285133898258
sgd,2,660,0.8073122501373291,0.9602606892585754,0.007588409353047609
sgd,2,690,0.7901628017425537,0.954994797706604,0.007151005789637566
sgd,2,720,0.7748516201972961,0.9506840705871582,0.006747276987880468
sgd,2,750,0.7611748576164246,0.9472537040710449,0.006362059619277716
sgd,2,780,0.7489758133888245,0.9446099400520325,0.005994001403450966
sgd,2,810,0.7381044030189514,0.9426424503326416,0.00564582459628582
sgd,2,840,0.7284144163131714,0.9412381052970886,0.005318931769579649
sgd,2,870,0.7197700142860413,0.9402905106544495,0.005013583693653345
sgd,2,900,0.7120465636253357,0.9397027492523193,0.004730004817247391
sgd,2,930,0.7051299810409546,0.939389169216156,0.004468395374715328
sgd,2,960,0.6989169716835022,0.9392773509025574,0.004228479228913784
sgd,2,990,0.6933153867721558,0.939309298992157,0.004009299911558628
sgd,2,1020,0.6882448196411133,0.9394406080245972,0.0038093477487564087
sgd,2,1050,0.6836361885070801,0.9396390914916992,0.0036268115509301424
sgd,2,1080,0.6794307231903076,0.9398822784423828,0.003459806786850095
sgd,2,1110,0.6755787134170532,0.9401546716690063,0.0033065311145037413
sgd,2,1140,0.6720382571220398,0.9404459595680237,0.003165345871821046
sgd,2,1170,0.6687737703323364,0.9407490491867065,0.003034809371456504
sgd,2,1200,0.665755033493042,0.941059410572052,0.002913679229095578
sgd,2,1230,0.662956178188324,0.9413737654685974,0.0028008981607854366
sgd,2,1260,0.6603549718856812,0.9416899085044861,0.0026955697685480118
sgd,2,1290,0.6579321622848511,0.9420063495635986,0.002596935722976923
sgd,2,1320,0.6556708812713623,0.9423218965530396,0.0025043515488505363
sgd,2,1350,0.6535563468933105,0.942635715007782,0.0024172666016966105
sgd,2,1380,0.6515756249427795,0.9429469704627991,0.002335206139832735
sgd,2,1410,0.6497170925140381,0.9432552456855774,0.002257758053019643
sgd,2,1440,0.6479706168174744,0.9435598850250244,0.002184560289606452
sgd,2,1470,0.6463267207145691,0.943860650062561,0.002115292474627495
sgd,2,1500,0.6447772979736328,0.9441571831703186,0.0020496691577136517
adam,2,1,1.2674239873886108,1.124999761581421,0.0003401485737413168
adam,2,30,1.2098468542099,1.1087931394577026,0.012751518748700619
adam,2,60,1.0011305809020996,1.0390758514404297,0.02150590531527996
adam,2,90,0.8261159658432007,0.9843723177909851,0.01785580813884735
adam,2,120,0.7423858642578125,0.9673656225204468,0.012760836631059647
adam,2,150,0.6976085901260376,0.9642474055290222,0.00864449329674244
adam,2,180,0.6697879433631897,0.9641852378845215,0.006277257576584816
adam,2,210,0.6515204310417175,0.9638713598251343,0.004819036927074194
adam,2,240,0.639232873916626,0.963085412979126,0.0037833245005458593
adam,2,270,0.6307047009468079,0.962289571762085,0.003030217019841075
adam,2,300,0.6245320439338684,0.9618349075317383,0.002482935320585966
adam,2,330,0.6198562383651733,0.9617732167243958,0.0020800400525331497
adam,2,360,0.6161498427391052,0.9619607925415039,0.0017775679007172585
adam,2,390,0.6130828857421875,0.9622348546981812,0.001546961604617536
adam,2,420,0.6104570031166077,0.9625071883201599,0.001368818455375731
adam,2,450,0.6081705689430237,0.9627512097358704,0.001227925531566143
adam,2,480,0.6061877608299255,0.9629657864570618,0.001111696707084775
adam,2,510,0.6045008897781372,0.9631613492965698,0.0010110520524904132
adam,2,540,0.6030940413475037,0.9633477926254272,0.0009219371131621301
adam,2,570,0.601930558681488,0.9635295867919922,0.0008437526994384825
adam,2,600,0.6009642481803894,0.9637026786804199,0.0007757779094390571
adam,2,630,0.6001556515693665,0.9638522863388062,0.0007162225083447993
adam,2,660,0.5994759202003479,0.9639603495597839,0.0006634038290940225
adam,2,690,0.5989037156105042,0.9640204310417175,0.0006162056815810502
adam,2,720,0.5984207987785339,0.9640414118766785,0.0005738998297601938
adam,2,750,0.5980103611946106,0.9640411734580994,0.0005358770722523332
adam,2,780,0.5976575016975403,0.9640369415283203,0.0005014542839489877
adam,2,810,0.5973506569862366,0.9640388488769531,0.0004698213888332248
adam,2,840,0.5970818996429443,0.9640470147132874,0.00044017561594955623
adam,2,870,0.5968461036682129,0.9640527963638306,0.0004119184741284698
adam,2,900,0.5966395735740662,0.9640453457832336,0.0003847218758892268
adam,2,930,0.5964592695236206,0.9640167355537415,0.0003585138183552772
adam,2,960,0.5963019132614136,0.9639641046524048,0.0003333955828566104
adam,2,990,0.5961639285087585,0.9638883471488953,0.00030949353822506964
adam,2,1020,0.5960417985916138,0.963792622089386,0.0002868796291295439
adam,2,1050,0.5959327220916748,0.9636805653572083,0.0002655710850376636
adam,2,1080,0.5958343148231506,0.9635553956031799,0.0002455582143738866
adam,2,1110,0.5957449674606323,0.9634208083152771,0.0002268332609673962
adam,2,1140,0.5956632494926453,0.9632804989814758,0.00020939922251272947
adam,2,1170,0.5955883860588074,0.9631386399269104,0.00019323627930134535
adam,2,1200,0.5955197215080261,0.9629991054534912,0.0001783274783520028
adam,2,1230,0.595457136631012,0.9628652930259705,0.0001645922748139128
adam,2,1260,0.5954009890556335,0.962739109992981,0.00015189782425295562
adam,2,1290,0.59535151720047,0.9626218676567078,0.00014009303413331509
adam,2,1320,0.5953091382980347,0.9625141024589539,0.00012907710333820432
adam,2,1350,0.5952736735343933,0.9624160528182983,0.0001188281094073318
adam,2,1380,0.5952443480491638,0.9623278975486755,0.00010934515012195334
adam,2,1410,0.595220148563385,0.9622493386268616,0.00010060494241770357
adam,2,1440,0.5951997637748718,0.9621801972389221,9.254951146431267e-05
adam,2,1470,0.5951822996139526,0.9621203541755676,8.510433690389618e-05
adam,2,1500,0.5951669812202454,0.9620696902275085,7.822379848221317e-05
rpgd,2,1,1.2675127983093262,1.1249988079071045,0.00024814871721901
rpgd,2,30,1.267495036125183,1.1249988079071045,0.00024854630464687943
rpgd,2,60,1.2674753665924072,1.124998688697815,0.0002676710719242692
rpgd,2,90,1.267439365386963,1.1249961853027344,0.00035188719630241394
rpgd,2,120,1.267388105392456,1.124990701675415,0.00047036653268150985
rpgd,2,150,1.2672854661941528,1.1249817609786987,0.0006663590902462602
rpgd,2,180,1.267095685005188,1.124942660331726,0.0009346208535134792
rpgd,2,210,1.2666535377502441,1.12483549118042,0.0014448936562985182
rpgd,2,240,1.2656418085098267,1.124525547027588,0.002244459930807352
rpgd,2,270,1.2630668878555298,1.1236337423324585,0.003592606633901596
rpgd,2,300,1.2566726207733154,1.1212977170944214,0.005691041238605976
rpgd,2,330,1.2409257888793945,1.1153877973556519,0.008754069916903973
rpgd,2,360,1.2074366807937622,1.1024844646453857,0.01216099876910448
rpgd,2,390,1.1531298160552979,1.0815978050231934,0.014136908575892448
rpgd,2,420,1.0916409492492676,1.059066653251648,0.013988683931529522
rpgd,2,450,1.0339720249176025,1.0393235683441162,0.013426504097878933
rpgd,2,480,0.981147050857544,1.021594524383545,0.012738446705043316
rpgd,2,510,0.9349542856216431,1.0059348344802856,0.01166505366563797
rpgd,2,540,0.8969587683677673,0.9929831624031067,0.010431226342916489
rpgd,2,570,0.8664951920509338,0.9826140999794006,0.009346753358840942
rpgd,2,600,0.8416639566421509,0.9743300080299377,0.008496723137795925
rpgd,2,630,0.8207330107688904,0.9676666855812073,0.007853083312511444
rpgd,2,660,0.8025386333465576,0.9622286558151245,0.00735540222376585
rpgd,2,690,0.7863955497741699,0.9577800631523132,0.006937896367162466
rpgd,2,720,0.7719525098800659,0.9541730880737305,0.006553187966346741
rpgd,2,750,0.7590315937995911,0.9512962102890015,0.00618152879178524
rpgd,2,780,0.7475042939186096,0.9490430951118469,0.005822308361530304
rpgd,2,810,0.7372398376464844,0.9473090767860413,0.005480570252984762
rpgd,2,840,0.7281017303466797,0.9459989666938782,0.005159998778253794
rpgd,2,870,0.7199569344520569,0.9450305104255676,0.004862158093601465
rpgd,2,900,0.7126814126968384,0.9443342089653015,0.004587446805089712
rpgd,2,930,0.7061627507209778,0.9438519477844238,0.004335589706897736
rpgd,2,960,0.7003006935119629,0.9435349702835083,0.004105722066015005
rpgd,2,990,0.6950070858001709,0.9433445334434509,0.003896465990692377
rpgd,2,1020,0.6902062296867371,0.9432498812675476,0.003706106450408697
rpgd,2,1050,0.6858330965042114,0.9432275295257568,0.0035327873192727566
rpgd,2,1080,0.6818327903747559,0.9432594776153564,0.0033746676053851843
rpgd,2,1110,0.678158700466156,0.9433324933052063,0.0032300185412168503
rpgd,2,1140,0.6747714877128601,0.9434366822242737,0.003097269916906953
rpgd,2,1170,0.671638011932373,0.9435646533966064,0.0029750268440693617
rpgd,2,1200,0.668729841709137,0.9437107443809509,0.002862066263332963
rpgd,2,1230,0.6660229563713074,0.9438709616661072,0.0027573248371481895
rpgd,2,1260,0.6634964942932129,0.9440421462059021,0.002659881953150034
rpgd,2,1290,0.6611328125,0.9442220330238342,0.0025689403992146254
rpgd,2,1320,0.6589163541793823,0.9444088935852051,0.0024838116951286793
rpgd,2,1350,0.6568336486816406,0.9446014761924744,0.0024039000272750854
rpgd,2,1380,0.6548730134963989,0.9447988867759705,0.0023286882787942886
rpgd,2,1410,0.6530240178108215,0.945000171661377,0.0022577273193746805
rpgd,2,1440,0.6512776017189026,0.9452050924301147,0.0021906266920268536
rpgd,2,1470,0.6496255397796631,0.9454130530357361,0.002127045067027211
rpgd,2,1500,0.6480607390403748,0.9456235766410828,0.0020666837226599455
spgd,2,1,1.2675127983093262,1.1249988079071045,0.00024814871721901
spgd,2,30,1.267495036125183,1.1249988079071045,0.00024854630464687943
spgd,2,60,1.2674753665924072,1.124998688697815,0.0002676710719242692
spgd,2,90,1.2674181461334229,1.1249897480010986,0.00045166269410401583
spgd,2,120,1.2673087120056152,1.1249727010726929,0.0006514123524539173
spgd,2,150,1.267075538635254,1.1249276399612427,0.000989413121715188
spgd,2,180,1.2665022611618042,1.1247669458389282,0.0015845190500840545
spgd,2,210,1.265130877494812,1.1243184804916382,0.002563019283115864
spgd,2,240,1.2616558074951172,1.1230480670928955,0.004166050814092159
spgd,2,270,1.2526507377624512,1.1196074485778809,0.006679820828139782
spgd,2,300,1.2310175895690918,1.1111111640930176,0.010070904158055782
spgd,2,330,1.188663363456726,1.094337821006775,0.013137600384652615
spgd,2,360,1.130336046218872,1.071596384048462,0.013925601728260517
spgd,2,390,1.0729426145553589,1.0508590936660767,0.013268593698740005
spgd,2,420,1.0201104879379272,1.0334516763687134,0.012830901890993118
spgd,2,450,0.9714404344558716,1.0175511837005615,0.012182495556771755
spgd,2,480,0.9289147257804871,1.003372073173523,0.011200343258678913
spgd,2,510,0.8934779763221741,0.9916963577270508,0.010116319172084332
spgd,2,540,0.8644443154335022,0.9820468425750732,0.00913173146545887
spgd,2,570,0.8405173420906067,0.9743064641952515,0.00832777563482523
spgd,2,600,0.8203946948051453,0.9681037068367004,0.007685972843319178
spgd,2,630,0.8030252456665039,0.9631727337837219,0.007163366302847862
spgd,2,660,0.7877748012542725,0.9591347575187683,0.006720157340168953
spgd,2,690,0.7742437124252319,0.9558179974555969,0.006330626085400581
spgd,2,720,0.7621294260025024,0.953142523765564,0.005985199939459562
spgd,2,750,0.751285970211029,0.9509426951408386,0.00565325329080224
spgd,2,780,0.7415626049041748,0.9492148160934448,0.005345057230442762
spgd,2,810,0.7328323721885681,0.9478827714920044,0.005055567715317011
spgd,2,840,0.72498619556427,0.9468795657157898,0.0047843195497989655
spgd,2,870,0.7179237008094788,0.9461444616317749,0.0045318640768527985
spgd,2,900,0.7115519642829895,0.9456233382225037,0.004298449493944645
spgd,2,930,0.7057862281799316,0.9452696442604065,0.004083661362528801
spgd,2,960,0.7005510330200195,0.9450454711914062,0.0038865224923938513
spgd,2,990,0.6957804560661316,0.9449200630187988,0.003705719718709588
spgd,2,1020,0.6914172768592834,0.9448697566986084,0.0035398106556385756
spgd,2,1050,0.687412440776825,0.9448763728141785,0.0033873540814965963
spgd,2,1080,0.6837237477302551,0.9449259638786316,0.0032469795551151037
spgd,2,1110,0.6803151965141296,0.9450082778930664,0.003117418149486184
spgd,2,1140,0.6771557331085205,0.9451153874397278,0.0029975150246173143
spgd,2,1170,0.6742187738418579,0.9452416300773621,0.0028862315230071545
spgd,2,1200,0.6714814901351929,0.9453824758529663,0.0027826442383229733
spgd,2,1230,0.6689239740371704,0.9455347061157227,0.0026859405916184187
spgd,2,1260,0.6665290594100952,0.9456959366798401,0.002595410216599703
spgd,2,1290,0.6642818450927734,0.9458642601966858,0.002510436810553074
spgd,2,1320,0.6621690392494202,0.9460382461547852,0.0024304871913045645
spgd,2,1350,0.6601791977882385,0.9462168216705322,0.002355099655687809
spgd,2,1380,0.6583020687103271,0.9463993310928345,0.0022838751319795847
spgd,2,1410,0.6565284729003906,0.946584939956665,0.0022164657711982727
spgd,2,1440,0.654850423336029,0.9467731714248657,0.002152567496523261
spgd,2,1470,0.6532604098320007,0.9469636082649231,0.002091911854222417
spgd,2,1500,0.6517521142959595,0.9471559524536133,0.0020342606585472822
